area,predicted_iou,point_coords,scale (um/px),index,Red,Green,Blue,perimeter(um),area(um),circularity,centroid_x,centroid_y,droplet,x,y,w,h
6719,0.9853760004043579,"[67.5, 185.625]",6.0755,0,0.0,255.0,0.0,50.48721304215303,182.02900312076522,1.114326197543924,67,138,True,23,93,91,94
5275,0.9829415082931519,"[67.5, 286.875]",6.0755,1,255.0,0.0,255.0,44.6347976239088,142.90861608305352,1.1093762457568137,49,313,True,9,273,84,80
3754,0.9668432474136353,"[67.5, 388.125]",6.0755,2,0.0,127.5,255.0,37.87468453119168,101.70216962574084,1.1224266415823427,73,387,True,38,354,72,70
5244,0.9696038961410522,"[67.5, 860.625]",6.0755,3,255.0,127.5,0.0,44.63479756504486,142.06877397905834,1.1159343403760824,69,847,True,29,805,80,84
4692,0.9734373092651367,"[67.5, 928.125]",6.0755,4,127.5,191.25,127.5,41.96133218020748,127.11416619178902,1.1022870829695226,65,954,True,26,916,76,79
5190,0.9801721572875977,"[112.5, 84.375]",6.0755,5,124.92372426604958,42.894008768331304,128.54389293619855,44.30560674817265,140.60582321726025,1.1109747932068859,113,58,True,72,18,81,82
5298,0.9840258955955505,"[112.5, 286.875]",6.0755,6,20.825244950125782,254.50951782569726,237.0805493924146,44.57831743783631,143.53172474085642,1.101766535865441,111,249,True,69,209,84,81
4845,0.9798566699028015,"[112.5, 320.625]",6.0755,7,0.6055071174959858,125.44789098394043,50.54614719038472,42.36354616755527,131.25919335021692,1.0880403932623424,147,327,True,110,288,76,77
4266,0.9754350781440735,"[112.5, 590.625]",6.0755,8,255.0,0.0,0.0,40.17902160316777,115.5731101820486,1.1115577970600952,106,621,True,68,585,76,73
5862,0.9790915250778198,"[112.5, 691.875]",6.0755,9,0.0,0.0,255.0,47.2517831169934,158.81143269741418,1.118780211348792,81,702,True,37,661,88,86
4101,0.9840080142021179,"[157.5, 84.375]",6.0755,10,254.70445282201763,133.51555880079076,197.82515046639008,39.12811618353171,111.10298285433223,1.0965849870874251,190,77,True,156,41,68,74
5295,0.9822839498519897,"[157.5, 185.625]",6.0755,11,255.0,255.0,0.0,45.06040647602623,143.4504496985343,1.1263631456726328,153,171,True,112,130,81,84
2942,0.9358442425727844,"[157.5, 421.875]",6.0755,12,137.39215788256982,105.22849541840279,242.40549705097695,35.15442906363139,79.70372483722151,1.2338762817431572,131,415,False,92,387,71,56
4508,0.9808155298233032,"[157.5, 489.375]",6.0755,13,127.5,127.5,0.0,41.43245309853729,122.12929692936592,1.1185401399852888,129,491,True,91,457,77,72
4040,0.9772697687149048,"[157.5, 590.625]",6.0755,14,0.0,0.0,127.5,39.2079911951312,109.45039032711587,1.1176916468748317,159,564,True,122,529,72,72
4507,0.9746307730674744,"[157.5, 826.875]",6.0755,15,7.362890247807301,248.6617175688901,119.80851746730167,41.41591070277359,122.10220524859189,1.1178951178779952,143,810,True,105,774,77,74
4944,0.9762898087501526,"[157.5, 860.625]",6.0755,16,143.30041507450545,252.6992627532681,30.202141276725953,43.238158540346625,133.94126974684676,1.110734095977346,149,890,True,109,853,82,75
4593,0.9806666374206543,"[157.5, 995.625]",6.0755,17,152.57523125386558,208.4156215497714,251.8870625559644,41.26301263842639,124.4320897951592,1.0888789615001429,144,970,True,105,936,79,73
4457,0.9865449666976929,"[202.5, 151.875]",6.0755,18,127.5,0.0,0.0,40.797466251077246,120.74762120988996,1.0969275292084923,233,146,True,196,109,75,75
4843,0.9848916530609131,"[202.5, 286.875]",6.0755,19,127.5,0.0,255.0,42.73267450003789,131.20500998866885,1.1075411390630836,231,302,True,193,265,79,76
4464,0.9760549068450928,"[202.5, 658.125]",6.0755,20,238.13837226176065,47.15860521738107,132.82276835789486,41.05363407406569,120.93726297530823,1.1090042599857444,184,642,True,145,604,80,74
6402,0.9790894985198975,"[202.5, 725.625]",6.0755,21,250.18046231940363,209.69696350450783,122.20440777831767,49.941791329263374,173.440940315395,1.144370748038666,167,729,True,120,685,93,88
5516,0.9823429584503174,"[202.5, 826.875]",6.0755,22,16.30845555261063,99.07201279837481,152.2528144286917,45.60582803194537,149.43771114959682,1.1075685608650727,222,839,True,180,796,83,86
4965,0.9807490706443787,"[202.5, 961.875]",6.0755,23,188.74411543311916,127.2550055085936,97.1927171160915,43.06186551312323,134.51019504310156,1.097035329603308,224,929,True,184,891,79,77
865,0.9089677929878235,"[202.5, 995.625]",6.0755,24,45.559030235831955,178.05722541388562,189.42811274168042,18.953884945868584,23.434303869543374,1.2199290100120208,201,983,False,186,966,32,37
4101,0.9831433296203613,"[247.5, 84.375]",6.0755,25,62.8245631288564,55.41669403187112,215.24699957872298,38.99176088775316,111.10298285433223,1.0889554536962982,270,77,True,235,41,69,72
4860,0.9778677821159363,"[247.5, 354.375]",6.0755,26,196.4844810990222,64.41326333017949,22.421294575688325,42.7326745196592,131.6655685618275,1.1036670249811238,228,389,True,191,351,77,78
4842,0.9796345233917236,"[247.5, 489.375]",6.0755,27,58.00858413076653,67.28714963865244,13.610523322667756,42.67619415699489,131.17791830789483,1.104843502256186,211,499,True,172,461,77,79
4436,0.9814966917037964,"[247.5, 556.875]",6.0755,28,70.50651673686058,191.70815687955943,21.840173284036105,40.86079823903101,120.17869591363515,1.1055447894449792,238,581,True,200,543,77,77
5436,0.9844262599945068,"[247.5, 658.125]",6.0755,29,192.5115460610684,187.964151698427,28.399238242721445,45.52595298110325,147.27037668767372,1.11993503096522,250,699,True,210,656,81,86
4952,0.9773293733596802,"[247.5, 995.625]",6.0755,30,175.37716495189835,253.86779793794358,147.75972917308948,43.590744280852405,134.15800319303906,1.1270991417118559,253,1006,True,213,967,82,80
5171,0.9831074476242065,"[292.5, 219.375]",6.0755,31,226.0611819491752,72.77871811071998,242.56491726024015,44.05629072706549,140.09108128255352,1.1025429266451283,263,222,True,222,182,83,81
4745,0.9805598258972168,"[292.5, 320.625]",6.0755,32,89.45139252099318,125.90581696620053,94.1767961738401,42.48335871438648,128.55002527281306,1.117263622787232,304,347,True,264,309,81,75
4793,0.9796414375305176,"[292.5, 556.875]",6.0755,33,177.69748214539842,15.486102562403222,186.91212539062755,42.71613192768237,129.85042594996693,1.11822860008719,293,519,True,253,483,79,78
3975,0.9739640951156616,"[292.5, 658.125]",6.0755,34,87.18192605908573,239.82847805328169,173.59031189164224,38.50967161410748,107.68943107680336,1.095864059662708,298,630,True,263,594,69,72
4172,0.9787807464599609,"[292.5, 759.375]",6.0755,35,234.5643054314333,190.94754456231098,234.57107309235022,39.56057713185011,113.02649218928896,1.1018820898334358,277,777,True,240,740,73,75
5599,0.9853923320770264,"[337.5, 50.625]",6.0755,36,180.652720101869,0.7263060125902276,68.85474955616529,45.81520626274374,151.68632065384202,1.1011919074214938,354,85,True,314,42,81,86
4654,0.9793200492858887,"[337.5, 151.875]",6.0755,37,10.496434520849773,178.15027502580435,106.67250983999197,41.921394448762626,126.08468232237556,1.109172894927397,333,173,True,296,134,75,79
4375,0.9793756008148193,"[337.5, 286.875]",6.0755,38,8.030116685038907,59.06492487912757,84.27432364578348,40.93382154685579,118.5261033864188,1.1249694086781374,332,271,True,294,233,75,76
5844,0.9832891225814819,"[337.5, 421.875]",6.0755,39,50.88386817409444,1.9493768440030728,63.6416125928539,46.80277945897028,158.32378244348146,1.1009998742335063,305,435,True,260,394,89,81
4386,0.9808576703071594,"[337.5, 590.625]",6.0755,40,171.00074183536793,147.68058549236508,180.26486594126402,40.87734092911441,118.82411187493322,1.1190534575689177,354,568,True,317,529,73,79
4273,0.9826948642730713,"[337.5, 691.875]",6.0755,41,79.35278023307912,247.2849946378638,77.72610165104265,40.31537705591683,115.76275194746687,1.1172818543296572,330,715,True,293,678,75,75
5039,0.976265549659729,"[337.5, 860.625]",6.0755,42,93.46377363771583,121.58032492118322,178.61595972509494,43.72709973360146,136.51497942038043,1.1145798160435556,304,865,True,261,826,84,79
5321,0.9765441417694092,"[337.5, 961.875]",6.0755,43,89.48652132625885,168.63040800488903,254.63037518764892,44.884113586152026,144.1548333986593,1.112106125734976,342,944,True,302,903,82,81
5419,0.9842541217803955,"[382.5, 354.375]",6.0755,44,6.500150308340707,213.12179257479482,51.07852817281312,45.23669940514306,146.80981811451508,1.1092178646073352,381,388,True,339,347,83,84
5538,0.9813309907913208,"[382.5, 523.125]",6.0755,45,124.40479641024217,58.78505849545333,53.62155331575411,45.429535122449856,150.03372812662568,1.0946563997103005,391,489,True,349,448,84,83
4866,0.9830648899078369,"[382.5, 624.375]",6.0755,46,250.75312836947637,0.4141795991897629,81.70230158345312,42.75606944329277,131.82811864647175,1.1035134460964653,377,648,True,336,610,80,78
5835,0.9840044975280762,"[382.5, 826.875]",6.0755,47,253.05230532291822,97.20869657499942,81.66829906737762,47.42807592838235,158.07995731651513,1.1323595285370838,358,793,True,315,750,88,88
4346,0.980563759803772,"[382.5, 894.375]",6.0755,48,249.4930231163228,164.0462444416512,67.23649771146822,40.395252361836015,117.74044464397167,1.1028720122254008,387,873,True,349,836,76,76
2658,0.9590574502944946,"[382.5, 995.625]",6.0755,49,186.01687841860146,78.40116422094772,174.6341472880615,33.27570082415142,72.00968749739455,1.2236399052804414,388,1006,False,356,976,64,57
4131,0.9873540997505188,"[427.5, 118.125]",6.0755,50,209.90015035381816,246.03887973664948,74.34684548826624,39.24107677151113,111.91573327755339,1.0949160529193118,411,148,True,376,112,69,71
4062,0.9858551621437073,"[427.5, 219.375]",6.0755,51,100.47493690607254,4.728582131989452,181.15615617171866,39.20799127361645,110.04640730414472,1.1116381761329817,400,226,True,364,191,73,71
4670,0.9838577508926392,"[427.5, 286.875]",6.0755,52,101.34119363465221,253.83646615084996,245.77521722361772,42.210647926616254,126.51814921476017,1.120679281279213,405,308,True,366,270,78,76
4305,0.9787653684616089,"[427.5, 556.875]",6.0755,53,7.417397566556042,45.16740183950782,162.4523063290067,40.37185718312537,116.6296857322361,1.1120862909544256,431,581,True,394,543,73,76
4313,0.9804486036300659,"[427.5, 725.625]",6.0755,54,123.82055060497288,173.07402626754518,60.846169295819,40.31537703629551,116.8464191784284,1.106919860631466,410,726,True,372,689,75,75
5104,0.9819340705871582,"[427.5, 961.875]",6.0755,55,7.312722893519087,197.4054178541717,247.6658373823655,44.01635317221246,138.2759386706929,1.1149917039559478,429,950,True,390,909,81,82
4701,0.9831989407539368,"[472.5, 84.375]",6.0755,56,154.16920249292215,52.1820026524882,246.91395473317894,42.15416772092245,127.35799131875537,1.1103118463073505,443,70,True,407,31,76,79
6165,0.9858447313308716,"[472.5, 118.125]",6.0755,57,197.36149842794606,147.54987643054224,254.57694518168998,48.10300066425775,167.02021197194784,1.102466603468786,497,140,True,455,96,85,91
4536,0.984006404876709,"[472.5, 219.375]",6.0755,58,191.61270524377903,121.51380843004951,15.365810016584796,41.455848081034794,122.88786399103901,1.1128913036312977,474,259,True,436,220,75,77
4028,0.9775009155273438,"[472.5, 354.375]",6.0755,59,199.85213875393868,236.73632041184018,213.1419515001332,39.168053659899485,109.12529015782741,1.11873881600493,480,340,True,444,305,72,71
6122,0.986125111579895,"[472.5, 388.125]",6.0755,60,174.0390829867228,68.79154321349561,98.94881383476105,48.31923126595549,165.8552696986642,1.120213735979663,462,427,True,416,382,90,89
4521,0.9801551103591919,"[472.5, 489.375]",6.0755,61,194.50392390853318,181.4838921597449,102.93426561852259,41.359430300866656,122.48148877942843,1.1113958617121447,476,513,True,437,476,77,75
5058,0.9852801561355591,"[472.5, 624.375]",6.0755,62,2.9455086488235276,88.2750765518019,213.18675231584962,43.64722456503146,137.02972135508716,1.1063400325295587,460,658,True,421,617,78,83
5367,0.9838321208953857,"[472.5, 793.125]",6.0755,63,71.00609612981775,245.77748667009251,11.677605117704017,45.14028156611098,145.40105071426507,1.115195782924021,446,812,True,405,770,82,85
3975,0.9781750440597534,"[472.5, 860.625]",6.0755,64,29.409331630680377,1.3439119356309481,193.51407564583272,38.396711163477256,107.68943107680336,1.0894444909048107,481,888,True,445,853,72,71
4563,0.9798853993415833,"[472.5, 1063.125]",6.0755,65,53.597369778004236,142.3123022636897,3.6895303878942594,42.04120701521515,123.61933937193805,1.1377689304312222,464,1029,True,428,989,75,82
4824,0.9846020936965942,"[517.5, 556.875]",6.0755,66,114.78555432313438,177.2607262899733,191.83785352504484,42.67619427472277,130.69026805396211,1.1089660587561956,514,588,True,476,548,75,81
5170,0.9870936870574951,"[517.5, 725.625]",6.0755,67,65.03056568050437,107.25546145427963,237.58561136353867,44.16925125618097,140.06398960177947,1.1084183778259755,493,739,True,451,700,82,80
6375,0.984718918800354,"[517.5, 928.125]",6.0755,68,120.7775892854087,69.19117136861392,184.69603687395963,48.93767563916658,172.70946493449597,1.1034703632713918,529,968,True,484,923,88,92
4638,0.979322075843811,"[562.5, 50.625]",6.0755,69,3.135571392743548,137.001614011478,191.27930075937456,41.921394527247884,125.65121542999094,1.1129992825185517,591,68,True,551,30,78,76
4432,0.9833964705467224,"[562.5, 185.625]",6.0755,70,77.26212289257637,0.7193055387303104,121.74881265817511,40.837403590095825,120.070329190539,1.1052758452750706,541,215,True,503,177,73,78
6093,0.9851751327514648,"[562.5, 320.625]",6.0755,71,60.93527356000911,52.961460901306026,124.40100088057989,48.11954335434115,165.06961095621708,1.1162616458699701,562,308,True,519,264,87,87
3915,0.9844264984130859,"[562.5, 388.125]",6.0755,72,245.66383643271817,0.8107144268148947,171.45930436994425,38.85540541538279,106.06393023036105,1.1327271482524657,539,391,True,506,356,67,73
5666,0.9830977916717529,"[562.5, 489.375]",6.0755,73,251.7043775613572,207.30813629377244,26.895375009315202,46.55346345748443,153.5014632657026,1.1235220753601516,554,477,True,512,435,84,87
4225,0.9823670387268066,"[562.5, 658.125]",6.0755,74,3.387068195862144,219.34237934128697,185.2247184551467,39.92285346623831,114.46235127031301,1.1080787402196868,540,668,True,505,630,68,77
4556,0.9844239950180054,"[562.5, 725.625]",6.0755,75,206.54966519745497,191.74616858500804,174.4100728681824,41.27955519116059,123.42969760651978,1.0986022616736182,578,740,True,541,702,72,78
5482,0.9847440719604492,"[562.5, 793.125]",6.0755,76,59.827470166367675,151.2074455663921,142.1533057015301,45.333117597358786,148.5165940032795,1.10114960910055,536,818,True,496,775,81,86
4859,0.9812114834785461,"[607.5, 118.125]",6.0755,77,253.72708031450594,50.31424015469626,19.558016613984513,42.73267455890183,131.63847688105346,1.1038941657254089,603,147,True,565,110,78,77
5604,0.9854879379272461,"[607.5, 388.125]",6.0755,78,139.8296730613774,102.56510046887584,136.71262572215454,46.200877560008145,151.8217790577122,1.1188104377663421,620,406,True,578,364,82,85
4626,0.9829617142677307,"[607.5, 590.625]",6.0755,79,144.1409792026576,229.05230000672657,91.56465203454795,41.89799952512905,125.32611526070248,1.114641305985594,590,568,True,555,529,72,79
6147,0.9851592779159546,"[607.5, 624.375]",6.0755,80,204.31675863419872,25.641250893368014,245.3396408031864,48.142938199489464,166.53256171801516,1.1075316792155157,622,654,True,580,609,85,92
3857,0.9766582250595093,"[607.5, 793.125]",6.0755,81,252.7295865704138,245.3922527022879,176.04381905042095,38.276898459675536,104.49261274546681,1.1157786000334706,620,811,True,585,776,70,70
5172,0.9835139513015747,"[607.5, 860.625]",6.0755,82,4.980073102937626,180.16451964208946,0.5062573988220376,44.08937622496017,140.11817296332754,1.1039860334097091,588,888,True,547,848,79,81
5205,0.9780731797218323,"[607.5, 995.625]",6.0755,83,149.7482306035527,216.4689957841984,184.18830079152733,44.11277114859374,141.01219842887082,1.0981511842509726,617,974,True,578,933,81,82
4721,0.9853423237800598,"[652.5, 84.375]",6.0755,84,245.3618166003064,95.04195971008191,153.4492879724638,41.97787477218431,127.89982493423615,1.0963799409472836,675,57,True,640,17,72,81
4398,0.982536792755127,"[652.5, 185.625]",6.0755,85,56.07199134112259,213.56333263513562,118.32370054758584,40.87734116457017,119.14921204422168,1.1160001185629649,684,169,True,647,129,74,78
5944,0.9862971901893616,"[652.5, 253.125]",6.0755,86,67.46282525921298,214.37716477045905,231.74158401325602,47.1154277427296,161.03295052088532,1.0969874577401952,625,237,True,583,192,83,90
4322,0.980160653591156,"[652.5, 354.375]",6.0755,87,133.59580197795188,207.02463234737507,7.05107932563367,40.44488015738782,117.09024430539475,1.1117228436341076,653,327,True,617,291,72,74
6263,0.9887341260910034,"[652.5, 455.625]",6.0755,88,205.33274717250114,231.9088492732195,9.644810340933784,48.58508987903948,169.67519668780363,1.1070769169867614,646,495,True,601,452,87,89
5709,0.9848408699035645,"[652.5, 725.625]",6.0755,89,197.9994730713069,15.083088799493813,0.7683249923942265,46.59340097309483,154.66640553898625,1.1169737506760749,662,738,True,620,695,85,87
4460,0.9796444773674011,"[652.5, 1029.375]",6.0755,90,136.76348124597723,104.62777058542046,66.93475536656561,40.814008764568825,120.82889625221208,1.0970788294770237,685,1020,True,648,982,71,77
4385,0.9858234524726868,"[697.5, 556.875]",6.0755,91,68.53387810375591,85.21444256304383,71.78559693896871,40.541298035662535,118.79702019415919,1.1009811615219471,673,580,True,637,543,70,76
4435,0.9777429103851318,"[697.5, 793.125]",6.0755,92,241.00566932281225,146.1219102561813,128.14226474514047,40.89388379578963,120.15160423286112,1.107585545413544,702,812,True,665,774,74,76
4764,0.981864333152771,"[697.5, 860.625]",6.0755,93,128.67967622256373,14.339015956662488,79.05303749112973,42.26712801458218,129.0647672075198,1.101508650027782,671,888,True,635,850,75,78
5508,0.9857231378555298,"[742.5, 151.875]",6.0755,94,65.86989475527743,13.1188809270952,253.26877999916564,45.589285184891466,149.22097770340451,1.1083727001080286,744,111,True,701,69,85,86
5437,0.9882590770721436,"[742.5, 185.625]",6.0755,95,145.04856755661913,78.42325198972976,3.5420303985454287,45.37305489713474,147.29746836844777,1.1122204976092867,776,195,True,734,154,84,84
4073,0.9838749170303345,"[742.5, 253.125]",6.0755,96,14.362798188068433,51.443111312506254,252.2588593467468,39.168053718763424,110.34441579265915,1.106378581981939,710,246,True,677,210,71,72
3891,0.982864499092102,"[742.5, 286.875]",6.0755,97,55.818329647103624,164.05480486973616,66.77279807600677,38.56615185904391,105.41372989178413,1.1228081842694446,734,317,True,700,282,70,70
5767,0.9865684509277344,"[742.5, 388.125]",6.0755,98,191.48808420755768,7.001087714655562,127.37115256480833,46.3771706657168,156.2377230238805,1.0955008910528714,709,398,True,669,355,83,86
4269,0.9810923337936401,"[742.5, 455.625]",6.0755,99,70.0226881225818,16.37597709003319,7.237183238749528,39.922853525102255,115.65438522437071,1.0966579272039754,731,493,True,699,455,69,76
6008,0.9850520491600037,"[742.5, 691.875]",6.0755,100,142.7160877590939,154.52185826000076,232.8925428958997,47.990040233248834,162.7668180904238,1.125969146982945,717,660,True,674,615,86,92
4201,0.9797095656394958,"[742.5, 759.375]",6.0755,101,16.71706613497803,117.22390894418521,99.09867966588415,39.55372497678519,113.81215093173608,1.0938966285912404,773,774,True,737,739,72,71
5251,0.9784889221191406,"[742.5, 961.875]",6.0755,102,4.419988170304242,47.046555779554886,4.972119234404725,44.51498488086446,142.2584157444766,1.1084717478211112,737,941,True,697,901,80,81
6124,0.9806413650512695,"[742.5, 995.625]",6.0755,103,135.84401750176244,1.2278852421518955,137.87152393018405,48.70490242587069,165.9094530602123,1.1377958872630738,769,1025,True,727,980,87,92
4752,0.9786345958709717,"[787.5, 84.375]",6.0755,104,32.05645582949989,158.98375553732438,234.5769766329193,42.330460669660596,128.73966703823135,1.107602032435293,811,57,True,771,20,79,78
4099,0.9844685196876526,"[787.5, 253.125]",6.0755,105,208.39070904358763,117.98893183834926,188.2342375519369,38.83886272529939,111.04879949278414,1.0809591374126661,803,275,True,767,240,72,70
4460,0.9816265106201172,"[787.5, 354.375]",6.0755,106,80.92256192350315,85.36265345396755,154.95625441957654,41.00684438376905,120.82889625221208,1.1074701463394483,802,355,True,763,319,76,72
4383,0.9824811220169067,"[787.5, 421.875]",6.0755,107,223.5543682899277,49.51896384310215,73.3643267754551,40.66111068060031,118.7428368326111,1.1080036489451186,789,433,True,751,396,74,75
5019,0.9826377034187317,"[787.5, 556.875]",6.0755,108,127.97444315543075,148.60024944300383,145.55396349971096,43.7436424825488,135.97314580489964,1.1198681097583048,756,577,True,719,536,78,83
4863,0.9842028617858887,"[787.5, 658.125]",6.0755,109,17.130318148607582,99.35027499659704,0.032399478738295295,42.619713912058465,131.74684360414963,1.0971625548692288,796,695,True,756,657,81,76
5770,0.9854147434234619,"[787.5, 826.875]",6.0755,110,0.26602467823800047,28.23669204073899,50.64636771193217,46.57685843998194,156.31899806620262,1.1043805724020537,775,859,True,729,819,90,84
4810,0.9848875999450684,"[832.5, 489.375]",6.0755,111,250.13575887273265,38.07635705959976,201.97878865664103,42.466816200894904,130.31098452312557,1.1013072926466687,812,512,True,775,471,75,83
5210,0.9793798923492432,"[832.5, 590.625]",6.0755,112,88.08473703997136,104.94758680493564,22.186358257749966,44.49844240661551,141.147656832741,1.1163646656713524,830,616,True,791,573,77,86
6155,0.986669659614563,"[832.5, 759.375]",6.0755,113,163.93512339040493,152.37501586384283,40.5297226555699,48.37571143240666,166.74929516420747,1.1168140246714504,859,757,True,817,712,87,91
5833,0.9799704551696777,"[832.5, 894.375]",6.0755,114,255.0,127.5,255.0,46.62648647098951,158.02577395496704,1.0947818555569486,828,935,True,789,891,80,88
1513,0.9443362951278687,"[832.5, 995.625]",6.0755,115,247.19390529635123,252.4469732371206,113.90528319590258,25.474372787952777,40.98971301112037,1.2598599149975243,834,1005,False,813,984,40,44
5582,0.9854223132133484,"[877.5, 50.625]",6.0755,116,112.22776825382049,37.95308755610826,216.42692951573017,45.95156155852229,151.22576208068335,1.1111300759229013,900,67,True,860,25,81,87
5666,0.9830305576324463,"[877.5, 118.125]",6.0755,117,127.5,255.0,127.5,45.93501906465203,153.5014632657026,1.0938692604715021,845,136,True,801,95,87,83
4124,0.9841017723083496,"[877.5, 185.625]",6.0755,118,146.79714687030125,254.44592663212728,213.03294817827333,39.11157353269093,111.72609151213511,1.0895473465220404,860,220,True,825,185,72,72
928,0.8884986639022827,"[877.5, 286.875]",6.0755,119,254.9682053470074,179.84574124337107,175.5888910711147,19.139868429625203,25.141079758307804,1.1595356517594626,863,279,False,848,264,32,32
4486,0.9786006212234497,"[877.5, 354.375]",6.0755,120,64.26973493296639,44.42441253147001,74.38573744508169,41.04678199748602,121.53327995233708,1.1031971893876968,881,336,True,847,297,71,78
5697,0.982674241065979,"[877.5, 489.375]",6.0755,121,143.0138295768172,108.64893306586694,188.95253149192158,46.51352578490352,154.3413053696978,1.1154920734813358,876,448,True,835,406,83,87
2299,0.9624658823013306,"[877.5, 691.875]",6.0755,122,96.61130013822579,74.81235990638551,254.65468894095568,30.42594229436276,62.2837740995147,1.1827781407608648,866,681,False,840,652,57,53
5247,0.9835295677185059,"[877.5, 826.875]",6.0755,123,24.039777249561578,251.33101999054577,66.34709306523865,44.53837984374066,142.15004902138043,1.1104830954781364,876,854,True,836,813,82,82
4024,0.9793263673782349,"[922.5, 286.875]",6.0755,124,33.94787430921498,252.1776418031747,163.94436102605727,38.958675448722424,109.01692343473125,1.1079102496591124,921,269,True,885,232,72,73
5564,0.9850367307662964,"[922.5, 523.125]",6.0755,125,0.05867783590565334,209.93267532313695,134.86629248092322,46.071374321187946,150.73811182675067,1.1205452531713405,892,542,True,850,499,84,87
4762,0.9813454151153564,"[922.5, 658.125]",6.0755,126,80.61974506218586,43.32543790282659,169.44640021985037,42.44342123801871,129.01058384597172,1.111182934658326,913,632,True,875,593,77,78
4938,0.9824643135070801,"[922.5, 691.875]",6.0755,127,97.14835658251111,207.30811508691278,74.50256674549348,43.60728704942106,133.77871966220252,1.131152704159089,936,710,True,894,673,83,77
3943,0.9758484363555908,"[922.5, 961.875]",6.0755,128,193.42938404168905,105.30077580719949,251.13389676364665,38.333378861582474,106.82249729203413,1.0946659570381196,913,929,True,880,894,70,69
4479,0.9809834361076355,"[922.5, 995.625]",6.0755,129,6.125684108343174,144.12596662921123,142.12169676110508,41.223074926602855,121.34363818691881,1.1144328143138187,893,1002,True,854,966,78,73
4189,0.9795815944671631,"[967.5, 118.125]",6.0755,130,174.09285468656245,211.1856094117795,137.89607501129453,39.809892976365454,113.48705076244762,1.1112860076023727,980,90,True,945,53,71,76
7177,0.9717046022415161,"[967.5, 151.875]",6.0755,131,237.71472113921513,89.27243126767227,8.591946458812352,55.584828281253465,194.4369929152749,1.2645143925794433,932,166,False,888,110,90,113
4217,0.9818805456161499,"[967.5, 219.375]",6.0755,132,202.90921301760994,94.77027413339543,125.67822099597034,39.577119939661394,114.2456178241207,1.0910356949690585,992,235,True,956,199,73,73
5424,0.984114944934845,"[967.5, 354.375]",6.0755,133,88.22529042494214,175.6580272447878,103.27180396020559,45.14028156611098,146.94527651838527,1.1034763582140894,987,323,True,945,281,83,84
4690,0.9821864366531372,"[967.5, 421.875]",6.0755,134,174.26376294980244,223.7504703339232,54.208587994545894,41.728558751077145,127.05998283024095,1.090556357104291,947,398,True,909,360,76,78
4318,0.9851090908050537,"[967.5, 455.625]",6.0755,135,222.46657323900757,159.25574877183197,0.5772156436716791,40.23550173037631,116.9818775822986,1.1012613335262138,959,486,True,922,450,74,74
4539,0.982673168182373,"[967.5, 793.125]",6.0755,136,111.55057885597301,166.5698689876726,11.293725229429091,41.55226595930951,122.96913903336112,1.1173350634486465,939,795,True,901,758,77,75
4128,0.9773811101913452,"[967.5, 894.375]",6.0755,137,159.62351899962343,27.227382193210165,33.09247871147773,39.48070212025062,111.83445823523127,1.1091345469954,962,872,True,927,835,71,75
5759,0.9791897535324097,"[967.5, 961.875]",6.0755,138,2.3700321054501488,172.88759031250078,56.27229206483001,46.49698313406275,156.0209895776882,1.1026981825060564,978,985,True,938,940,82,90
6022,0.9864999055862427,"[1012.5, 556.875]",6.0755,139,201.9382709216364,91.57995589184542,67.57702538372085,47.4845563499106,163.14610162126033,1.099811368722677,978,573,True,934,529,86,89
6128,0.9862022399902344,"[1012.5, 793.125]",6.0755,140,42.29131551569523,87.81175147337088,115.92334614327271,48.1195434328264,166.01781978330843,1.109886134215483,1016,749,True,971,708,88,86
4170,0.9799365997314453,"[1012.5, 860.625]",6.0755,141,120.14323001198872,77.04995022965196,102.2295841186592,39.88291591138528,112.97230882774089,1.120448596925656,1029,833,True,993,799,72,72
4657,0.9813845157623291,"[1057.5, 84.375]",6.0755,142,114.56365874149994,39.28411409052446,0.10334413385266306,41.648683739477654,126.16595736469768,1.0940836036342796,1062,70,True,1026,32,74,78
6748,0.9875258803367615,"[1057.5, 118.125]",6.0755,143,170.18774555520343,185.29298268509237,208.94244734002822,50.79986109045658,182.81466186321236,1.123321734620991,1036,160,True,990,113,92,96
4820,0.9826294183731079,"[1057.5, 286.875]",6.0755,144,133.64748678387377,139.47817141399543,90.99522360048555,42.75606932556489,130.58190133086597,1.1140448960860416,1063,279,True,1024,239,77,81
4406,0.9804700613021851,"[1057.5, 421.875]",6.0755,145,225.82408494387903,124.90924320599602,54.90255824178255,40.524755502549645,119.36594549041399,1.0948396072133313,1025,422,True,990,385,73,75
5800,0.9851492643356323,"[1057.5, 489.375]",6.0755,146,8.514088681756451,72.26480231258144,39.6226437352596,46.689818753262976,157.13174848942379,1.1040038016190552,1045,508,True,1003,466,87,85
4166,0.9821265935897827,"[1057.5, 556.875]",6.0755,147,77.3638119788967,204.01427895927446,159.2668796183746,39.866373182059256,112.86394210464474,1.1205942156216013,1061,592,True,1025,556,73,73
4344,0.9726455211639404,"[1057.5, 658.125]",6.0755,148,111.70509821764975,136.3676455759871,48.969207701281434,40.21210696371325,117.6862612824236,1.093397377745905,1026,664,True,988,628,75,70
1720,0.9255760908126831,"[1057.5, 691.875]",6.0755,149,32.69668255242879,218.19825170793808,10.311630767028012,29.172510622401422,46.597690931346364,1.4533605006123007,1077,709,False,1048,687,65,45
4889,0.9801492691040039,"[1057.5, 894.375]",6.0755,150,112.96389760543153,224.92118186026354,215.41670888995145,42.908967370290775,132.45122730427462,1.106191393806714,1033,915,True,993,878,79,78
4708,0.9816412925720215,"[1057.5, 961.875]",6.0755,151,32.27051886146823,23.837956922631925,106.35613083656983,41.92139458611182,127.54763308417364,1.0964508680581446,1064,992,True,1028,953,76,78
5483,0.9846022129058838,"[1102.5, 219.375]",6.0755,152,219.44358124135553,157.45171238506592,210.31330282548987,45.48601530852234,148.54368568405354,1.108387774489193,1128,215,True,1087,175,83,83
4714,0.9837211966514587,"[1102.5, 388.125]",6.0755,153,171.06244782129318,44.706773847046925,145.1880429024206,42.210647828509686,127.71018316881788,1.1102189688684863,1080,363,True,1041,326,78,76
4724,0.9835090637207031,"[1102.5, 624.375]",6.0755,154,188.8436801170458,48.67051032177029,207.26877198265527,41.9778746152138,127.98109997655826,1.095683671147792,1110,660,True,1074,620,73,80
5298,0.9804468154907227,"[1102.5, 725.625]",6.0755,155,221.16983598514193,206.79487213594226,69.83124634256528,44.84417593319243,143.53172474085642,1.1149472684826782,1104,767,True,1064,725,81,81
4503,0.9795843362808228,"[1102.5, 826.875]",6.0755,156,211.41982883878654,233.73737634679668,141.76459103531135,41.432453255507795,121.99383852549573,1.1197821428515828,1106,852,True,1068,817,77,72
5189,0.9794212579727173,"[1102.5, 961.875]",6.0755,157,226.47910861806994,17.195653966910843,42.597258293925584,44.6347976239088,140.5787315364862,1.1277625161624962,1123,930,True,1080,891,85,79
4461,0.9820913076400757,"[1147.5, 151.875]",6.0755,158,107.00165607239877,130.98916731276987,222.20175721658774,40.8539462409366,120.85598793298611,1.0989805071055452,1120,129,True,1084,92,74,75
4542,0.9807202816009521,"[1147.5, 286.875]",6.0755,159,53.84475046340568,98.54607562688986,191.268714421119,41.26301255994114,123.05041407568324,1.101105471410124,1141,304,True,1104,267,75,77
6215,0.9860508441925049,"[1147.5, 455.625]",6.0755,160,252.4521481454571,243.4825008403482,55.19808309573925,48.415649065744944,168.3747960106498,1.1078592043395734,1115,450,True,1070,406,90,89
6392,0.9852004051208496,"[1147.5, 556.875]",6.0755,161,56.27247631273865,246.1541478888579,207.72721705394673,49.18699150330323,173.1700235076546,1.1117776521311016,1134,546,True,1090,501,87,92
5643,0.9784512519836426,"[1147.5, 1029.375]",6.0755,162,105.08002339372389,227.1374894713103,36.85354714645787,46.07137463512896,152.87835460789972,1.104858031829684,1153,1010,True,1110,968,87,84
4598,0.9804008603096008,"[1192.5, 118.125]",6.0755,163,253.9045570623898,74.88916685485214,196.92513706316763,41.63214093166637,124.5675481990294,1.1072424038715412,1195,92,True,1157,54,76,78
6001,0.9863495826721191,"[1192.5, 421.875]",6.0755,164,158.31084979537854,175.43258866642998,154.8247656712426,47.79720441783547,162.57717632500552,1.1182413616109192,1177,385,True,1132,342,89,89
5469,0.9816911220550537,"[1192.5, 658.125]",6.0755,165,71.97033636318888,251.41762969601837,130.37521073069226,45.326264971382344,148.164402153217,1.1034334102279086,1191,635,True,1152,593,79,83
5185,0.9885460138320923,"[1192.5, 691.875]",6.0755,166,58.74652140883184,127.40711222814657,47.85755458507028,44.209188830655314,140.47036481339003,1.107211322689877,1175,720,True,1134,680,82,81
6158,0.9837155342102051,"[1192.5, 793.125]",6.0755,167,1.4069759613783432,30.236949686583873,212.86919381713517,48.37571160899848,166.8305702065296,1.1162699532378573,1185,813,True,1141,769,88,90
4409,0.9844473600387573,"[1237.5, 151.875]",6.0755,168,0.957722410301407,137.47328994925604,3.481006221132334,40.42833744768311,119.44722053273611,1.08889461883504,1209,176,True,1172,140,75,73
4294,0.9853224754333496,"[1237.5, 253.125]",6.0755,169,182.9276078615178,253.93842658791516,254.1306384450376,40.17902146581857,116.33167724372167,1.1043096250206372,1205,256,True,1168,221,75,74
4415,0.9816176295280457,"[1237.5, 455.625]",6.0755,170,171.11921238407334,126.86457997412434,220.63792341935493,40.7175908666728,119.60977061738033,1.1030307682327023,1210,473,True,1174,437,75,73
5528,0.9862152338027954,"[1237.5, 523.125]",6.0755,171,53.139694115820326,135.38865008555794,197.5739292664518,45.5424955927014,149.76281131888527,1.1020969536895582,1225,557,True,1184,517,83,82
2187,0.9605714082717896,"[1237.5, 691.875]",6.0755,172,163.77837240807827,31.638477356061063,102.70865501319741,29.943853295415472,59.24950585282238,1.2042614273543275,1243,689,False,1213,663,60,49
4532,0.9819090366363525,"[1237.5, 725.625]",6.0755,173,99.23428796117814,1.8098446651287114,40.82300291139119,41.24646986985774,122.77949726794286,1.1026504394302985,1252,755,True,1215,717,75,79
4829,0.9813841581344604,"[1237.5, 894.375]",6.0755,174,178.61548451199087,120.76054658793865,146.61044826706555,42.948905082114315,130.8257264578323,1.1220214879658974,1202,900,True,1162,863,81,77
4633,0.9756737947463989,"[1237.5, 961.875]",6.0755,175,139.7653980651926,30.15079361588554,175.53999824776,42.05774976416249,125.51575702612075,1.1214604227694185,1232,977,True,1195,938,76,79
3828,0.9807854890823364,"[1282.5, 84.375]",6.0755,176,192.2867735008836,155.0457110470172,139.15611731617184,37.9077697936306,103.70695400301969,1.1026526522449456,1299,53,True,1265,20,70,68
3861,0.9819484353065491,"[1282.5, 151.875]",6.0755,177,182.22747865813682,181.065206923043,253.72365804576387,38.027582399325745,104.60097946856297,1.1001497815418662,1269,124,True,1235,89,68,73
4178,0.9857784509658813,"[1282.5, 185.625]",6.0755,178,158.12871015202825,197.8437743718871,79.91248324500177,39.457307118131794,113.1890422739332,1.0945626767332413,1314,189,True,1276,153,73,70
5228,0.9834297895431519,"[1282.5, 320.625]",6.0755,179,7.485226670788176,216.20210656530585,93.44598419273493,44.402024508719485,141.63530708667372,1.1077050914026632,1248,330,True,1206,290,82,81
5756,0.9850296974182129,"[1282.5, 388.125]",6.0755,180,53.349662492626095,216.48963515564162,72.19868440691964,46.76284186487462,155.93971453536608,1.1159254787070336,1285,411,True,1242,369,85,84
5039,0.9831962585449219,"[1282.5, 658.125]",6.0755,181,167.43010125877376,7.45676761490914,237.12200900417702,43.89654048803206,136.51497942038043,1.1232344558115277,1277,631,True,1240,591,78,82
4560,0.9865138530731201,"[1282.5, 826.875]",6.0755,182,249.5432748331041,227.4291963915231,219.87858509744623,41.49578551815995,123.53806432961593,1.109167981293036,1267,847,True,1230,809,76,77
4872,0.9833928346633911,"[1282.5, 894.375]",6.0755,183,19.760482402075304,178.82550791093112,154.3754183539919,42.756069345186205,131.99066873111596,1.1021544343315208,1298,924,True,1258,886,80,78
4345,0.9820260405540466,"[1282.5, 1029.375]",6.0755,184,41.76551167586218,18.796527912666075,151.44854869082388,40.371857222368,117.71335296319764,1.1018484446181922,1305,1007,True,1268,971,75,74
4392,0.9836462736129761,"[1327.5, 253.125]",6.0755,185,105.88127217631047,208.40938826778566,253.24329086942691,40.64456804938085,118.98666195957745,1.1048336162038266,1297,264,True,1259,228,76,75
5955,0.9858535528182983,"[1327.5, 523.125]",6.0755,186,93.10406355418664,123.14645458797574,136.30224972151126,47.48455617331878,161.33095900939975,1.1121853926425718,1297,502,True,1253,460,88,87
4371,0.9845994710922241,"[1327.5, 556.875]",6.0755,187,45.81447406511191,36.91147896915344,36.76546267641595,40.64456806900217,118.41773666332264,1.1101416717117965,1342,576,True,1304,540,76,75
4383,0.9829049110412598,"[1327.5, 725.625]",6.0755,188,21.712809409512467,149.5152298752567,87.4393074318554,40.64456789241034,118.7428368326111,1.1071022598418343,1314,704,True,1275,667,77,74
5493,0.9874037504196167,"[1327.5, 826.875]",6.0755,189,224.49584925814713,1.4334034598058447,216.4926395869594,45.41299231463858,148.81460249179392,1.1028204870499347,1330,790,True,1287,748,84,85
4364,0.9850752353668213,"[1327.5, 860.625]",6.0755,190,208.27615799458934,33.49058195480821,162.3323587607276,40.548150014135636,118.22809489790437,1.1066531730660047,1358,872,True,1320,835,75,76
4952,0.9854094982147217,"[1372.5, 84.375]",6.0755,191,213.7528084941355,18.793200777669874,90.05246045879657,43.18167837389545,134.15800319303906,1.1060444659061464,1352,115,True,1314,74,77,82
4758,0.9864447116851807,"[1372.5, 219.375]",6.0755,192,206.98693696449786,159.4104841988051,64.30585061100668,42.17071048949111,128.90221712287558,1.0978716858731739,1396,189,True,1361,149,72,81
5174,0.9868923425674438,"[1372.5, 320.625]",6.0755,193,185.0618648528307,47.18556756695817,62.60071204346012,44.0328959211598,140.17235632487564,1.100733691040294,1338,339,True,1299,299,79,82
4598,0.9839653968811035,"[1372.5, 455.625]",6.0755,194,5.034013721852396,62.16111659519663,127.82648201839892,41.80158174496091,124.5675481990294,1.1162735915664712,1366,434,True,1330,395,72,79
2333,0.944196343421936,"[1372.5, 489.375]",6.0755,195,26.110137005514556,72.52615897802501,181.5399137481296,33.15588815959233,63.20489124583201,1.3840786821925013,1371,501,False,1348,475,56,62
4852,0.9834847450256348,"[1372.5, 624.375]",6.0755,196,151.159989420245,80.85246985339533,214.34156836634332,42.57977653379725,131.4488351156352,1.0975900210114746,1379,649,True,1339,612,80,76
4411,0.9851694107055664,"[1372.5, 759.375]",6.0755,197,226.87279000454748,182.29044228872894,138.09440747245205,40.71759088629411,119.50140389428418,1.1040310239040698,1392,731,True,1355,695,74,74
5336,0.9793151617050171,"[1372.5, 928.125]",6.0755,198,1.2895842840267675,185.3432171679126,203.8240725393221,44.402024508719485,144.5612086102699,1.0852852732108553,1388,956,True,1348,915,81,82
